X,Y,id,left,top,right,bottom,row_index,col_index
121.06243166283869,14.639145669663506,1,121.06243166283869,14.639145669663506,121.0634316628387,14.638145669663507,0,0
